UZUM1001	г. Ташкент, Алмазарский район, массив Беруний, Б-1, дом 1Б	Korzinka Гунча
UZUM1002	г. Ташкент, Сергелийский район, массив Сергели-7, д. 2	Пункт выдачи Uzum Market
UZUM1003	г. Ташкент, Мирзо-Улугбекский район, массив Буюк Ипак Йули, д. 31	Пункт выдачи Uzum Market
UZUM1004	г. Ташкент, Мирабадский район, ул. Туркистан, 12А	Бц Platform
UZUM1005	г. Ташкент, Мирабадский район, улица Мирабад, д. 27/11	Пункт выдачи Uzum Market
UZUM1006	г. Ташкент, Мирабадский район, улица Абу Сулеймана Банокати, д. 175 А	Пункт выдачи Uzum Market
UZUM1007	г. Ташкент, Чиланзарский район, 1-квартал, д. 14	Пункт выдачи Uzum Market
UZUM1008	г. Ташкент, Сергелийский район, Куйлюк 5-массив	Пункт выдачи Uzum Market
UZUM1009	г. Ташкент, Мирзо Улугбекский район, улица Феруза, д. 27	Пункт выдачи Uzum Market
UZUM1010	г. Ташкент, Шайхантахурский район, массив Ибн Сино 2, д. 9	Пункт выдачи Uzum Market
UZUM1011	г. Ташкент, Учтепинский район, массив Чиланзар, квартал Г9а, д. 3	Пункт выдачи Uzum Market
UZUM1012	г.Ташкент, Яккасарайский район, ул. Кичик Бешагач, 132А	БЦ Uzum Market
UZUM1013	г. Ташкент, Алмазарский р-н, махалля Ислом-ота, массив Каракамыш 1/2, торговый центр	OLMA
UZUM1014	г. Ташкент, Шайхантохурский район, ул.Сеульская 7/2	ТЦ Seoul Mun
UZUM1015	г. Ташкент, Бектимир р-он, Икбол МФЙ, квартал Водник, дом 12а	OLMA
UZUM1016	г. Ташкент, Яккасарайский район, ул. Кичик Бешагач, д. 70	Пункт выдачи Uzum Market
UZUM1017	г. Ташкент, Мирабадский район, ул. Таллимаржон, д. 10	Пункт выдачи Uzum Market
UZUM1018	г. Ташкент, Яккасарайский район, ул. Шота Руставели, 150	ТЦ Vega Centr
UZUM1019	г. Ташкент, Мирабадский район, ул. Кучкуприк, дом 30	ТЦ Alfraganus
UZUM1020	г. Ташкент, Чиланзарский район, проспект Бунёдкор, 7, метро Алмазар	Автовокзал Ташкент
UZUM1021	г. Ташкент, Яшнабадский район, улица Махтумкули, д. 117	Пункт выдачи Uzum Market
UZUM1022	г. Ташкент,, Алмазарский район, махалля Олимпия, массив Олимпийский, д.16	OLMA
UZUM1023	г. Ташкент, Алмазарский район,  ул. Бешёгоч, 28Б	Humo Arena
UZUM1024	г. Ташкент, Юнусабадский район, ул. Янгишахар 6-й проезд, 65Б стр	ТЦ HIGH TOWN MALL
UZUM1025	г. Ташкент, Сергелийский район, ул. Кумарык, 13	Международный аэропорт Ташкента имени Ислама Каримова
UZUM1026	г.Ташкент, Шайхантахурский район, массив Ибн Сина-2	ТЦ Yangi Ibn-Sino
UZUM1027	г. Ташкент, Янгихайот район, ул. Турсунзода, дом – 21	OLMA
UZUM1028	г. Ташкент, Шайхантахурский район, ул. Сакичмон, 1/39	Chorsu Gold Center
UZUM1029	г. Ташкент, Янгихаетский район, махалля Ташаббус, строительный объект №2, д. 13-а	OLMA
UZUM1030	г. Ташкент, Сергелиский район,ул. Мирзы Турсунзаде, 14	ТРЦ Golden Life
UZUM1031	г. Ташкент, Алмазарский район, ул. Нодиры, 4	ТЦ Rivera
UZUM1036	г. Ташкент, Алмазарский район, ул. Беруни, 47, метро Беруни.	Eco Bazar беруни
UZUM1041	г. Ташкент, Юнусабадский район, ул. Богишамол, 260	ТЦ Sampi
UZUM1042	г. Ташкент, Мирабадский район, проспект Амира Темура, 40н	Алайский базар
UZUM1043	г. Ташкент, Учтепинский район, ул. Лутфи, 21А	ТЦ Oazis City Centre
UZUM1047	г. Ташкент, Алмазарский район, обводная ул. Нурафшон, 7	ТЦ Chigatoy
UZUM1048	г. Ташкент, Чиланзарский район, ул. Катартал, 60 А/1	ТЦ Parus
UZUM1049	г. Ташкент, Учтепинский район, ул. Заргарлик, 10А	ТЦ Globus Mall
UZUM1050	г. Ташкент, Учтепинский район, ул. Лутфи, 34	ТЦ «ДЕПО Mall»
UZUM1052	г. Ташкент, Чиланзарский район, ул. Чиланзар, 55	ТЦ Chilonzor
UZUM1129	г. Ташкент, Алмазарский район, ул. Беруни, 47, метро Беруни.	Атлас мебел беруни
UZUM1130	г. Ташкент, Мирзо Улугбекский район, МФЙ Хабиба Абдуллаева, массив Ялангоч	OLMA
UZUM1133	г. Ташкент, Юнусабадский район,  16-й квартал, 19, массив Юнусабад, 	OLMA
UZUM1053	г. Ташкент, Юнусабадский район, 4-й квартал, 61Б	Baraka Market
UZUM1037	г. Ташкент, Мирабадский район, Чинор МФЙ, ул. Мунис, дом 80а	OLMA
UZUM1060	г. Ташкент, Сергелийский район, МСГ «Курувчилар», массив Курувчи, 51-53	Korzinka Курувчи, 51-53
UZUM1071	г. Ташкент, Учтепинский район, махалля Тепакурган, 11-квартал, д. 59-А	OLMA
UZUM1073	г. Ташкент, Чиланзарский р-н, махалли Днер, 8-квартал, ул. Катартал	OLMA
UZUM1075	г. Ташкент, Чиланзарский район, м.19, д. 33/1	OLMA
UZUM1089	г.Ташкент, Мирабадский район, Ул. Хамал д. 29/3	OLMA
UZUM1107	г. Ташкент, Яккасарайский район, ул Кушбеги, д 11	OLMA
UZUM1069	г. Ташкент, Чиланзарский район, Бахористон МСГ, м. Гулистан, д.56а	OLMA
UZUM1074	г. Ташкент, Учтепинский район, махалля Янгиюль, 31-квартал, д. 45-Д	OLMA
UZUM1076	г. Ташкент, Учтепинский район, 30 квартал, дом 25А	OLMA
UZUM1077	Ташкент, Учтепинский р-н, МСГ Бирлик,21-квартал, ул. Фархадская,дом 7	OLMA М-147
UZUM1085	г. Ташкент, Шайхантахурский район, махалля Катта Джарарык, массив Джарарык	OLMA
UZUM1110	г. Ташкент, Мирзо Улугбекский район, массив Хумаюн, 96	OLMA
UZUM1112	г. Ташкент, Чиланзарский район, махалля Шарк, массив Кизил Шарк, д. 32	OLMA
UZUM1120	г. Ташкент, Мирзо-Улугбекский район, махаллинский сход граждан Богимайдан,	OLMA
UZUM1122	г. Ташкент, Мирзо-Улугбекский район, махалля Хамида Олимжана, ул Аккурган, д.43-А	OLMA
UZUM1039	г. Ташкент, Янгиюльский район, Янгидарханский МФК,улица Навруз	OLMA
UZUM1046	г. Ташкент, Яккасарайский район, Бобур МФЙ, ул. Бобур, д. 73б	OLMA
UZUM1088	г. Ташкент, Чиланзарский район,  7-й квартал, 58, массив Чиланзор, 	OLMA
UZUM1096	г. Ташкент, Чиланзарский район, махалля Лутфий, ул. Богистон, д. 111	OLMA
UZUM1113	г. Ташкент, Алмазарский район, квартал 1/1, 20А, массив Каракамыш, 	OLMA
UZUM1101	г. Ташкент, Юнусабадский район, 7-й квартал, массив Юнусабад,  	OLMA
UZUM1117	г. Ташкент, Янгихаетский район, махалля Янги турмуш, ул. Турсунзода, д. 7	OLMA
UZUM1105	г. Ташкент, Янгихаитский район, массив Спутник 7, дом 5	OLMA
UZUM1092	г. Ташкент, Алмазарский район, махалля Ачаобод, ул. Сагбан берк-30, д. 79	OLMA
UZUM1091	г Ташкент, Янгихаетский район махалля Чоштепа, ул. Чоштепа, д. 74-А	OLMA
UZUM1142	г. Ташкент, Учтепинский район, махалля Богобод, 15-квартал, 25-а	OLMA
UZUM1098	г. Ташкент, Яшнабадский район, махалля Маърифат, ул. Ахсикат, д.176	OLMA
UZUM1038	г. Ташкент, Яшнабадский район, 58А военный городок, дом 70	OLMA
UZUM1121	г. Ташкент, Мирзо-Улугбекский район, 4-й массив Карасу, 2	OLMA
UZUM1145	Ташкентская обл., Кибрайский р-н, махалля Фаровон, ТашГРЕС, д. 338	OLMA
UZUM1059	г. Ташкент, Янгихаётский район, махалля Янги Дархан, ул. Навруз, д. 40	OLMA
UZUM1065	г. Ташкент, Яккасарайский район, махалля Армугон, ул. Кичик Халка Йули	OLMA
UZUM1082	г. Ташкент, Яшнабадский район, махалля Олмос, Ахангаранское шоссе, д. 105	OLMA
UZUM1033	г. Ташкент, Юнусабадский район, махалля Богишамол, 11-квартал, д.61	OLMA
UZUM1067	г. Ташкент, Шайхантахурский районул.Укчи,3А	Пункт выдачи Uzum Market
UZUM1056	г. Ташкент, 1-й квартал, 24В, массив Карасу, Мирзо-Улугбекский район,	ТЦ Qorasuv Plaza
UZUM1062	г. Ташкент, Яшнабадский район, 2-й проезд ул. Тараккиет, 1, метро Машиностроителей,	ТЦ Атриум
UZUM1126	Ташкентская область, г. Чирчик, махалля Чинор, 8-й микрорайон, 19а	Korzinka K232 Чирчик
UZUM1099	г. Ташкент, Яшнабадский район, 1-й Авиасозлар (Городок Авиастроителей м-н) квартал, 58 городок, 30/1	Baraka Market Супермаркет
UZUM1057	г. Ташкент, Сергелийский район, ул. Обихаёт, 1	Fayzi Market
UZUM1084	г. Ташкент, Алмазарский район, ул. Уста Ширин, 125	ТЦ CHUQURSAY
UZUM1132	г. Ташкент, Яккасарайский район, ул. Шох-Жахон, 15А 	Shoxjaxon Hotel
UZUM1079	г. Ташкент, Яккасарайский район, ул. Кичик Бешагач, 128	Courtyard by Marriott Tashkent
UZUM1090	Ташкентская об., г.Келес, МФЙ «Окибат», ул. Келес йўли	Корзинка Келес
UZUM1058	г. Ташкент, Яшнабадский район, Ташкентская кольцевая автомобильная дорога.	Корзинка Куйлюк центр
UZUM1115	г. Ташкент, Шайхантахурский район, улица Ипакчи	Корзинка Ипакчи
UZUM1094	г. Ташкент, Алмазарский район, махалля Шодиёна, улица Каракамыш-2, дом 17	Корзинка КораКамыш 2/5
UZUM1103	г.Ташкент, Сергелийский район, ул. Янги Сергели, 8-й квартал	Корзинка Сергели 8
UZUM1045	г. Ташкент, Юнусабадский район, на пересечении Малой кольцевой дороги и улицы Адхама Рахмата, 12-й дом	Корзинка София
UZUM1095	г. Ташкент, Мирзо-Улугбекский район, МСГ Темурийлар, ул. Амир Темур, 15Г/1	Пункт выдачи Uzum Market
UZUM1051	г. Ташкент, Чиланзарский район, махаллинский сход граждан Яккабог	Станция метро Алмазар
UZUM1054	г. Ташкент, Чиланзарский район, проспект Бунёдкор (дублёр)	Станция метро Чиланзар
UZUM1032	г. Ташкент, Чиланзарский район, улица Чапаната	Станция метро Мирза Улугбек
UZUM1055	г. Ташкент, Чиланзарский район, улица Мукими	Станция метро Новза
UZUM1063	г. Ташкент, Шайхонтохурский район, проспект Бунёдкор	Станция метро Национальный парк
UZUM1066	г. Ташкент, Яшнабадский район, ул. Оханграбо, дом № 82	Baraka Market Магазин 025
UZUM1068	г.Ташкент, Яшнабадский район, массив Городок Авиастроителей, 2-й квартал, 65	Белорусская косметика
UZUM1070	г. Ташкент, Яккасарайский район, Малая кольцевая дорога, 70	Shox Med
UZUM1078	г. Ташкент, Юнусабадский район, Киёт жилмассив (Ц-5), 81а, 	Monday royal Hotel
UZUM1081	г. Ташкент, Яшнабадский район, улица Паркент, дом 3А	Пункт выдачи Uzum Market
UZUM1080	г. Ташкент, Юнусабадский район, улица Осиё, дом 16	Пункт выдачи Uzum Market
UZUM1086	г. Ташкент, Юнусабадский район, квартал -14, улица А. Дониша (Korzinka)	Пункт выдачи Uzum Market
UZUM1087	г. Ташкент, Яшнабадский район, улица Хосият, дом 15А	Пункт выдачи Uzum Market
UZUM1093	г. Ташкент, Юнусабадский район, массив Юнусабад, 9-ый квартал, дом 12	Пункт выдачи Uzum Market
UZUM1097	г. Ташкент, Юнусабадский район, улица Богишамол, дом 3 (ТУИТ)	Пункт выдачи Uzum Market
UZUM1102	г. Ташкент, Мирзо Улугбекский район, улица Буюк Ипак Йули, дом 137	Пункт выдачи Uzum Market
UZUM1104	г. Ташкент, Шайхонтохурский район, улица Себзара	Станция метро Гафура Гуляма
UZUM1114	г. Ташкент, Мирабадский район, улица Афросиаб	Станция метро Космонавтов
UZUM1116	г. Ташкент, Шайхонтохурский район, улица Беруни	Станция метро Тинчлик
UZUM1118	г. Ташкент, Шайхонтохурский район, улица Батыра Закирова	Станция метро Узбекистанская
UZUM1123	г. Ташкент, Шайхонтохурский район, улица Беруни	Станция метро Беруний
UZUM1124	г. Ташкент, Юнусабадский район, улица Бадамзар	Станция метро Бадамзар
UZUM1125	г. Ташкент, Юнусабадский район, проспект Амира Темура	Станция метро Минор
UZUM1127	г. Ташкент, Юнусабадский район, проспект Мустакиллик	Станция метро Сквер Амира Тимура
UZUM1128	г. Ташкент, Юнусабадский район, улица Ахмада Дониша	Станция метро Туркестан
UZUM1131	г. Ташкент, Юнусабадский район, проспект Амира Темура	Станция метро Шахристан
UZUM1134	г. Ташкент, Юнусабадский район, улица Ахмада Дониша	Станция метро Юнусабад
UZUM1135	Ташкент, Шайхонтохуркский район улица Зульфияханум, дом 18	Пункт выдачи Uzum Market
UZUM1136	г. Ташкент, Алмазарский район, Карасарайская улица, дом 249/2	Пункт выдачи Uzum Market
UZUM1137	г. Ташкент, Чиланзарский район 17 квартал, дом 37	Пункт выдачи Uzum Market
UZUM1138	Ташкент, Мирзо Улугбекский район, улица Ялангач, дом 2	Пункт выдачи Uzum Market
UZUM1139	г. Ташкент, Алмазарский район, массив Кара-Камыш 1/4, дом 28 (напротив Автосалона)	Пункт выдачи Uzum Market
UZUM1140	г. Ташкент, Учтепинский район, улица Кукча Дарвоза, дом 581	Пункт выдачи Uzum Market
UZUM1143	г. Ташкент, Яшнабадский район, улица Эльбека	Станция метро Дустлик 2
UZUM1144	г. Ташкент, Яшнабадский район, улица Эльбека	Станция метро Машинастроительный
UZUM1146	г. Ташкент, Мирабадский район, улица Шахрисабз	Станция метро Мингурюк
UZUM1147	г. Ташкент, Мирзо-Улугбекский район, проспект Мустакиллик	Станция метро Пушкинская
UZUM1148	г. Ташкент, Мирабадский район, улица Туркистан	Станция метро Ташкент
UZUM1150	г. Ташкент, Мирзо-Улугбекский район, проспект Мустакиллик	Станция метро Хамида Алимджана
UZUM1108	г. Самарканд , улица Амира Темура, 103 Б дом	Пункт выдачи Uzum Market
UZUM1149	Самаркандская обл., г. Самарканд, улица Амира Темура, 37	ТЦ NURAFSHAN
UZUM1034	г. Самарканд, улица Нарпайская, 8 "Б" дом	Пункт выдачи Uzum Market
UZUM1044	г. Самарканд, квартал Сат-Тепо, дом 20 К	Пункт выдачи Uzum Market
UZUM1040	г. Самарканд, микрорайон Сагдиана, дом 58А	Пункт выдачи Uzum Market
UZUM1061	г. Самарканд, улица Гагарина, дом 57	Пункт выдачи Uzum Market
UZUM1072	г. Самарканд, улица Амира Темура, дом 202	Пункт выдачи Uzum Market
UZUM1100	г. Самарканд , улица Рудакий, 10	Пункт выдачи Uzum Market
UZUM1106	г. Самарканд, улица Юксалиш, дом 8	Пункт выдачи Uzum Market
UZUM1109	г. Самарканд, улица Термез, дом 203	Пункт выдачи Uzum Market
UZUM1111	Самаркандская обл., г. Самарканд,,ул. Мирзо Улугбека, 105 А/1	ТЦ Самсунг
UZUM1141	Самаркандская обл., г. Самарканд,ул. Шахруха Мирзы, 20, напротив бывшего ГУМа.	ТЦ Anor
UZUM1083	г. Самарканд, улица Беруни, дом 25 М	Пункт выдачи Uzum Market
UZUM1151	Ташкент, Бектемирский район, улица Большая кольцевая дорога, 17, метро Куйлюк,	ТЦ Compass
UZUM1162	Ташкент, Яккасарайский район, улица Кушбеги, 30Б	Grand Shosh Hotel
UZUM1163	г.Ташкент, Юнусабадский район, Акбаробод МФЙ, улица Амир Темур, дом 24д.	OXY Med (Универсам 2)
UZUM1165	Ташкент, Мирзо-Улугбекский район, Буюк Ипак Йули, 4 Элобод ж/м	Ипак йули
UZUM1164	Ташкент, Шайхонтохурский район, ул: Г.Гуляма (Себзор) Дом 7.	Daily Supermarket (BI 1) - Ганга
UZUM1172	Ташкентская область, г. Бекабад, улица Туран	Единое окно
UZUM1173	г. Ташкент, Мирабадский район, улица Миробадская 60а	Пункт выдачи Uzum Market
UZUM1166	Ташкент,Сергелийский район, Чаштепа 9-й тупик 45	Shox Med
UZUM1169	Ташкент, Сергелийский район, массив Сергели-VIII, 83	O'rikzor Market
UZUM1161	Ташкентская обл., Зангиатинский р-н, Шодлик МСГ, ул. Инок, д. 10	OLMA
UZUM1170	Ташкент, Яшнободский район, махаллинский сход граждан Ширинобод	БЦ UzBoom
UZUM1171	Ташкент, Шайхантахурский район, улица Укчи, 3	Monday
UZUM1174	Ташкент, Мирабадский район, ул. Темирйулчилар, 79	Finalndiya
UZUM1175	Ташкент, Чиланзарский район, просп. Бунёдкор, 6a	Faxr Miliy Taomalri
UZUM1184	Ташкент, Мирзо Улугбекский район, ул. Буюк Ипак Йули, д. 298/1	Fix Price V005
UZUM1185	Ташкент, Мирабадский район, ул. Авлие-Ота, д. 11, рядом с рынком "Миробод"	Fix Price V007
UZUM1186	Ташкент, Яккасарайский район, ул. Мукимий, д. 1а	Fix Price V009
UZUM1189	Ташкент, Яккасарайский район, микрорайон Кушбеги, ул. Кушбеги, д. 30Б	Fix Price V018
UZUM1190	Ташкент, Учтепинский район, квартал Чиланзар Г9А, ул. Фархадская, 6а/4	Fix Price V020
UZUM1187	Ташкент, Яшнабадский район, 3-й проезд Авиасозлар, д. 3б	Fix Price V015
UZUM1195	г. Ташкент, Юнусабадский район, проспект Амира Темура, 10	Fix Price V003
UZUM1188	Ташкент, Янгихаетский район, ул. Кургантепа, д. 11	Fix Price V016
UZUM1197	Ташкент, Сергелийский район, массив Курувчи, д. 23	Пункт выдачи Uzum Market
UZUM1196	Ташкент, Сергелийский район, массив Куйлюк, 7-й квартал, д. 2А	Пункт выдачи Uzum Market
UZUM1198	Ташкент, Сергелийский район, улица Шокирарык, д.97	Пункт выдачи Uzum Market
UZUM1199	Ташкент, Янгихаётский район, 8 строительный участок, дом 20	Пункт выдачи Uzum Market
UZUM1200	Ташкент, Янгихаётский район, массив Сергели-Vа, 85	Пункт выдачи Uzum Market
UZUM1183	г. Ташкент, ул. Чиланзар, 82	Пункт выдачи Uzum Market
UZUM1202	Ташкент, Юнусабадский район, массив Кашгар, д.1	Пункт выдачи Uzum Market
UZUM1208	Ташкент, Юнусабадский район, ул. Алишера Навои, 11В	Корзинка Шедевр
UZUM1210	Ташкент, Шайхантахурский район, махаллинский сход граждан Кукча, Малая кольцевая дорога, 57	Корзинка Mercato
UZUM1211	Ташкент, Юнусабадский район,ул. Юнусата, 15	Корзинка Сайрам
UZUM1192	Ташкентская область, г. Янгиюль, Самаркандская улица, 145	Fix Price V027
UZUM1159	г. Янгиюль, Мезон МСГ, ул. Самарканд, д. 145	Korzinka Янгиюль 2
UZUM1160	Ташкентская обл., г. Янгиюль, Самаркандская ул., 155	Dunyo
UZUM1152	Ташкентская обл., г.Алмалык, Хожа Ахмад Яссавий МСГ, ул. Туркистон, д. 35	OLMA-А-13
UZUM1167	Ташкентская обл, Уртачирчикский р-н, Учокли МСГ, ул. Яшнаобод, дом 103	OLMA А-23
UZUM1168	Ташкентская обл.,город. Ангрен, Мустакиллик МСГ, ул. Ахангаран, д.28	OLMA А-24
UZUM1231	г. Ташкент, Юнусабадский район, массив Юнусабад, 9-й квартал, 27	Makro m146
UZUM1239	г.Ташкент, Юнусабадский район, МСГ Буйюк Турон, ул. Ниёзбек йули,дом 2	Olma
UZUM1228	Ташкент, Мирабадский р-н, ул. Буюк Турон, 73	OXY Med (ЦУМ)
UZUM1229	Ташкентская область, Бостанлыкский район, городской посёлок Чарвак, улица Ходжикент	Legion МАГАЗИН Бочка
UZUM1237	г.Ташкент, Сергелийский район, махаллинский сход граждан Кубайтепа	Гостиница XONSAROY
UZUM1235	Ташкент Юнусабадский район, Октепа МФЙ, улица Октепа, 65-дом.	OXY Med (Юнусабад) 207
UZUM1236	г.Ташкент, Шайхонтохурский район, массив Хадра, 1	Белорусская косметика
UZUM1251	г. Ташкент, Шайхонтохурский район Улица Лабзак, 14/1	Анхор Локомотив
UZUM1203	Ташкент , Мирзо Улугбекский район, массив Городок Тракторостроителей, 2 квартал, д. 22	Пункт выдачи Uzum Market
UZUM1240	г. Ташкент, Юнусобадский р-н, Кулолкурган МСГ , проспект Амира Темура, дом 29	Olma
UZUM1194	Ташкент, Яшнабадский район, улица Ахангаран Йули, д.70	Пункт выдачи Uzum Market
UZUM1233	Ташкент, Мирзо-Улугбекский р-н,, ул. Буюк Ипак Йули, 60	OXY Med (М.Горький)
UZUM1209	Ташкент,  Чиланзарский район, массив Чиланзар, 10-й квартал массива Чиланзар, 20/1	Корзинка Кохинур
UZUM1230	Бекабад, ул. Истикбол, 20	Tammadum
UZUM1176	Фергана, ул. Комус, 47	Пункт выдачи Uzum Market
UZUM1178	Фергана, улица Бурхониддин Аль-Маргинони, 65A	Пункт выдачи Uzum Market
UZUM1179	Фергана, улица Аль-Фергани, дом 62	Пункт выдачи Uzum Market
UZUM1181	Фергана, улица Бурхониддин Аль-Маргинони, дом 18/10	Пункт выдачи Uzum Market
UZUM1182	Ферганская обл.,г. Фергана, улица Юксалиш 53.	Корзинка Фергана
UZUM1221	г. Фергана.махаллинский сход граждан Машъал, ул. Фаробий, 34/2	Korzinka Фергана Фарабий 22
UZUM1223	Ферганская область, Кувасай, махаллинский сход граждан Хамид Алимджан	Korzinka K248
UZUM1224	г. Фергана ул.Мустакилли 13	Asia Moll
UZUM1226	Фергансакая обл., Ферганский район, Маргиланский МФЮ, улица Маргилана, 72	Единое Окно
UZUM1180	Фергана, Маргиланская улица, дом 50 А	Пункт выдачи Uzum Market
UZUM1222	г. Фергана, ул. Аль-Фергани, 122А	Тантана мехмонхона Фаргона.Ш. Аль-Фаргони 122А
UZUM1177	Фергана, махаллинский сход граждан Мададкор, ул. Юксалиш, 28	Пункт выдачи Uzum Market
UZUM1212	Ургенч, улица Узбекистан, дом 27, квартира 1-Б	Пункт выдачи Uzum Market
UZUM1213	Ургенч, ул. Марифатчилар, дом 172	Пункт выдачи Uzum Market
UZUM1214	Ургенч, улица Гурлан, дом 111 А	Пункт выдачи Uzum Market
UZUM1215	Ургенч, Жайхун улица, дом 34/1	Пункт выдачи Uzum Market
UZUM1216	Ургенч, улица Хонка, дом 29	Пункт выдачи Uzum Market
UZUM1217	Ургенч, проспект Аль-Хорезми, дом 66/1	Пункт выдачи Uzum Market
UZUM1218	Ургенч, улица Абульгази Бахадырхана, дом 214	Пункт выдачи Uzum Market
UZUM1219	Хива, улица Нажмиддин Кубро	Пункт выдачи Uzum Market
UZUM1220	Хива, улица Амира Темура, дом 50	Пункт выдачи Uzum Market
UZUM1227	Хива, Хорезмская область,улица Феруз, 12	ISHONCH(Xiva)
UZUM1252	г. Ташкент, Мирабадский район, ул. Мирабад, 43, метро «Айбек»	Мирабадский рынок
UZUM1253	г. Ташкент, Мирабадский район, ул. Мирабад, 43, метро «Айбек»	Мирабадский рынок
UZUM1207	Ташкент, Учтепинский район, ул. Фархадская, Г30 блок 15	ТЦ Scopus Mall
UZUM1201	Ташкент, Чиланзарский район 20 квартал, д.23	Пункт выдачи Uzum Market
UZUM1204	Ташкент, Учтепинский район, 14 квартал , д.11	Пункт выдачи Uzum Market
UZUM1205	г. Ташкент.. Яккасарайский район, улица Шота Руставели, дом 85	Единое окно
UZUM1206	Ташкент, Учтепинский район, улица Фазылтепа, д. 17А	Пункт выдачи Uzum Market
UZUM1331	Ургенч, улица Ханка, 154	Karavan Hotel
UZUM1332	Ургенч, улица Гурлан, 360	NAFFA BOUTIQUE
UZUM1335	г. Самарканд, МСГ «Хофиза Шерози», массив Саттепо, 84	Korzinka K213 Саттепо 84I
UZUM1338	Самаркандская обл., Самаркандский район, город Гулобод	Единое Окно
UZUM1350	Ташкент, Сергелийский р-н, населённый пункт Казахаул	UZUM MARKET
UZUM1351	Ташкент, Сергелийский р-н, населённый пункт Казахаул	UZUM MARKET
UZUM1232	Ташкент, Шайхантахурский р-н, махаллинский сход граждан Кукча, Малая кольцевая дорога, 3Б	OXY Med (Тахтапуль)
UZUM1238	г. Ташкент, Алмазарский р-н, Мискин МСГ, ул. Янги Олмазор, д. 3а	Olma
UZUM1247	Ташкентская обл., Зангиатинский район, село Зангиота, МФЙ Урта, ул. Амира Темура	ISHONCH(Zangiota)
UZUM1254	Ташкентская область, Зангиатинский район, улица Кичкина Каъни, 34, махаллинский сход граждан Асл.	OXY Med (Ташкентская обл.) 123
UZUM1260	г. Ташкент, Сергилийский район,улица Азима Умарова, 21	VIVA MED
UZUM1264	г.Ташкент, Мирабадский р-н, ул. Мехржон, 45	OXY Med (Саракулька)
UZUM1266	Ташкент, Мирабадский район, улица Тараса Шевченко, 21А	Бизнесс-Центр Gross
UZUM1268	г. Ташкент, Чиланзарский район, 7 квартал, махалля «Октепа», 28	Korzinka Октепа Чилинзор
UZUM1271	Ташкент, Учтепинский район, ул. Замахшари, 2	Pharmacosmos C-13 УЧТЕПА
UZUM1273	Ташкент, 6-й пр. Карвонсарой, 2	Pharmacosmos C-37 ОЛИМ ПОЛВОН
UZUM1275	Ташкент, Учтепинский район, ул. Кукча Дарвоза, 568	Pharmacosmos C-41 Эхинацея
UZUM1276	Ташкент, Алмазарский район, ул. Бешкайрагач, 286	Pharmacosmos C-47 ОНА БОЛА
UZUM1277	Ташкент, Юнусабадский район, 6-й пр. Кулолкургон, 28	Pharmacosmos C-51 УЧКАХРАМОН
UZUM1279	Ташкент, Учтепинский район, махаллинский сход граждан Кукча-Актепа, ул. Заковат, 47	Pharmacosmos C-53 ЛИТЕРАТУРНЫЙ
UZUM1280	Ташкент, Учтепинский район, ул. Фазылтепа, 10А	Pharmacosmos C-54 ХОКИМИЯТ
UZUM1281	Ташкент, проспект Бунёдкор (дублёр)	Pharmacosmos C-69 ИППОДРОМ
UZUM1282	Ташкент, Мирабадский район, ул. Абдурауфа Фитрата, 2/1	Pharmacosmos C-71 РИСОВЫЙ
UZUM1283	Ташкент, Мирабадский район, улица Шукура Бурханова	Pharmacosmos C-72 ЯНГИ КОРАСУВ
UZUM1285	Ташкент, Шайхантахурский район, махаллинский сход граждан Сархумдон, ул. Уйгур, 6	Pharmacosmos C-74 Birinchi-Gor bolnitsa
UZUM1286	г. Ташкент, Сергелийский район, массив Сергели-V, 6А	AYLIN
UZUM1287	Ташкент, Алмазарский район, массив Каракамыш, квартал 2/5, 17	Pharmacosmos С-93 Кора-Камиш Кушбозор
UZUM1288	Ташкент, Шайхонтохурский район, ул. Фараби, 17	Pharmacosmos С-95 Тошми-2
UZUM1289	Ташкент, Мирзо-Улугбекский район, массив Буз-2, 25	Pharmacosmos C-103 Tarakanchik
UZUM1290	Ташкент, Мирзо-Улугбекский район, улица Миллий Бог	Pharmacosmos C-104 Uchxo'z
UZUM1291	Ташкент, Юнусабадский район,  ул. Чингиза Айтматова, 1	Pharmacosmos C-108 Bodomzor
UZUM1292	Ташкент, Алмазарский  район, ул. 1-й проезд Умид, 62Б	Pharmacosmos C-105 Chimboy chorraxa
UZUM1293	Ташкент, Шайхантахурский район, 3-й пр. Бешкайрагач, 35А	Pharmacosmos C-110 Beshqayrag'och
UZUM1294	Ташкент, Мирзо-Улугбекский район, массив Ахмада Югнаки, 12А	Pharmacosmos C-114 Ahmad Yugnakiy
UZUM1298	г. Ташкент, Юнусабадский район, проспект Амира Темура, 112-й дом	Korzinka Шахристан
UZUM1300	Ташкентская область, Зангиатинский район, махаллинский сход граждан Киргузар, улица Назарбек, 19A	Pharmacosmos C-31 ПОЧТА
UZUM1325	Самаркандская обл., Булунгурский район, Мехржон МФЮ, улица Октепа, 101	Единое окно
UZUM1326	Самаркандская обл.,г. Самарканд, ул. Ифтихор, 2Б	Saltanat
UZUM1328	Самаркандская обл., Иштиханский район, улица Навруз, 2	Единое Окно
UZUM1336	Самаркандская область, Пастдаргамский район, город Джума, улица Нодирабегим, 66	Единое Окно
UZUM1154	Ташкентская обл., г. Чирчик, махалля Хумо, 8-кичик нохия	OLMA-С-3
UZUM1156	Ташкентская обл., г. Чирчик, Куёш МСГ, ул. 1-кичик нохия, д.13-в	OLMA С-10
UZUM1191	Ташкентская область, г. Алмалык, ул. Эхтиром, д. 11	Fix Price V026
UZUM1193	Ташкентская область, г. Чирчик, ул. Шарафа Рашидова, 33	Fix Price V028
UZUM1234	Ташкент, Сергелийский район, массив Сергели-VI, 71	OXY Med (Сергели Янгихаёт) 144
UZUM1250	Ташкентская область, г. Янгиюль, улица Камолот	Dorixona diabet
UZUM1241	Ташкентская обл., Букинский район, МФЙ Янги Хаёт, ул. Марказий, дом 35	ISHONCH(Bo'ka)
UZUM1242	Ташкентская обл., г. Алмалык, ул. Амира Темура	ISHONCH(Olmaliq)
UZUM1244	Ташкентская обл., г. Чирчик, МФЙ Навруз, 36-й махалля, ул. Заковат	ISHONCH(Chiqchiq)
UZUM1249	Ташкентская область, г. Янгиюль, улица Беруни	Dorixona diabet
UZUM1256	Ташкентская обл., г. Нурафшон, Янгиабад МСГ, ул. Янгиабад, дом 39	OLMA A-31
UZUM1262	Ташкент, Бектимирский район,махаллинский сход граждан Абай, жилой комплекс Мусаффо Маскан,	Daily Supermarket (BI 1) - Ик-ота
UZUM1263	Ташкент, Яшнабадский район, махаллинский сход граждан Катта Куйлик, ул.Тантана	Daily Supermarket (BI 1) - Куйлук
UZUM1265	г. Ташкент, ул. Янги Куйлюк, 16Б	Makro - 083
UZUM1267	Ташкент, Бектемирский район, махаллинский сход граждан Абай	Ayva Market
UZUM1269	Ташкент, Кибрайский район,  ул. Тимура Малика, 1	Pharmacosmos C-06 СЕЛЬХОЗ
UZUM1272	Ташкент,  городской посёлок Куксарай, ул. Шифобахш сувлар, 21	Pharmacosmos C-22 КУКСАРОЙ-2
UZUM1295	Ташкент, Чиланзарский район ул. Катартал, 28	Pharmacosmos C-127 Ц Квартал МедиаПарк
UZUM1299	Ташкентская обл., Уртачирчикский р-н, Фаровон МСГ, ул. Ташкент йули 1, дом 129	OLMA A-25
UZUM1301	Ташкентская область, Кибрайский район, населённый пункт Гулистан	Korzinka Буин (Кибрай)
UZUM1303	Ташкентская область, г. Чирчик, улица Юсупова	Pharmacosmos C-75 Chirchiq-Makro
UZUM1306	Ташкентская область, г. Чирчик, просп. Амира Темура, 138	Pharmacosmos C-101 Чирчик октябрь
UZUM1307	Ташкентская область, Бостанлыкский район, махаллинский сход граждан, улица Абу-Райхон Беруний	Pharmacosmos C-81 Газалкент
UZUM1308	Бухара, улица Бахауддина Накшбанда, 5	Пункт выдачи Uzum Market
UZUM1309	Бухара, улица Мустакиллик, 12	Пункт выдачи Uzum Market
UZUM1310	Бухара, 5А микрорайон	Пункт выдачи Uzum Market
UZUM1311	Бухара, улица Ислама Каримова, 2	Пункт выдачи Uzum Market
UZUM1312	Бухара, улица Пиридастгир, 308	Пункт выдачи Uzum Market
UZUM1313	г. Бухара, ул. Намозгох, 111	Korzinka K239
UZUM1314	Бухара, улица Каюма Муртазаева, 4Б	Пункт выдачи Uzum Market
UZUM1315	Бухара, улица Самарканд, 86	Пункт выдачи Uzum Market
UZUM1316	Бухара, улица Амир Темура, 37	Пункт выдачи Uzum Market
UZUM1317	Бухарская обл., Бухарский район, г. Галаасийо, МФЙ Дустлик, ул. Великий Шелковый путь	ISHONCH(Galaosiyo)
UZUM1318	Бухарская область, г. Каган, улица Дустлик, 150	ISHONCH(Kogon)
UZUM1319	Бухара, массив Шарк-1	OXY Med  (Бухара)2\1
UZUM1320	г. Бухара Зарафшанский тракт, 7	Сулаймонобод
UZUM1321	Бухара, ул. Мухаммада Икбала, 64	Orzutech Computers
UZUM1322	Бухара, махаллинский сход граждан Кукалдош, улица Самарканд, 78	Нодира маркет
UZUM1323	г. Бухара, махаллинский сход граждан Жуйбор	Miral Market
UZUM1324	Бухара, ул. Алпамыша, 3	Тц Chinar Mall
UZUM1327	Самаркандская обл., Ургутский район, МФЮ «Дустлик», проспект Навои	Единое окно
UZUM1329	Самарканд, населённый пункт Пулимугаб, Пенджикентская ул., 77	Garmoniya Pharm 11 3 Роддом
UZUM1334	Ташкент, Юнусабадский район, ул. Богишамол, 120	OOO "NAVBAHOR APTEKA" №19
UZUM1284	г. Ташкент, Яшнабадский район, улица Абдурауфа Фитрата, 33	Korzinka Махалля -Сарикул
UZUM1341	Ташкент, Юнусабадский район, 13-й квартал, МСГ «Севинч», 36а	Korzinka Махалля Ахилабад
UZUM1340	Ташкент, Яшнабадский район, Авиасозлар 4-й квартал, 2	OOO "NAVBAHOR APTEKA" №70
UZUM1345	Ташкент, Мирза-Улугбекский р-н,МСГ Сайрам, ул.Сайрам ,дом 20	OLMA М-153
UZUM1349	Ташкент, Учтепинский район, улица Лутфи, 21А	Корзинка OAZIS
UZUM1346	Ташкентская область,Нурафшан,махаллинский сход граждан Навруз, улица Ташкент Йули, 199	OLMA А-35
UZUM1348	Ташкентская область,Ахангаранский район,махаллинский сход граждан Ёнарик,улица Нуробод Кургони, 158	OLMA А-29
UZUM1365	г. Ташкент, Яккасарайский район, улица Имама ат-Термези, дом 51	Пункт выдачи Uzum Market
UZUM1367	г. Ташкент, Яшнабадский район, улица Корасу, дом 17 (Авиасозлар)	Пункт выдачи Uzum Market
UZUM1302	Ташкентская область, г. Чирчик, ул. Юсупова, 22	Pharmacosmos C-61 ЧИРЧИК БАЗАР
UZUM1381	г. Чирчик, проспект Амира Темура, дом 134	Пункт выдачи Uzum Market
UZUM1383	г. Чирчик, улица Заковат, дом 81	Пункт выдачи Uzum Market
UZUM1333	Ташкент, Сергелийский район, ул. Янги Сергели 110	ATLAS Сергили
UZUM1153	Ташкентская обл., г. Чирчик, 3-й микрорайон, 32	OLMA-С-1
UZUM1382	г. Чирчик, улица Амира Темура, дом 141	Пункт выдачи Uzum Market
UZUM1342	Ташкент, Мирзо-Улугбекский район, ул. Буюк Ипак Йули, 111-117	ATLAS Максим Горький
UZUM1157	Ташкентская обл., Бостанлыкский р-н, махалля Марказий, ул. Амира Темура, д. 39	OLMA С-11
UZUM1158	Ташкентская обл., г. Чирчик, МСГ Мирзо-Улугбек, ул. Спортчилар, дом 42V	OLMA С-14
UZUM1225	Ташкент, Мирзо Улугбекский район, улица Мирзо Улугбека, 142-дом	OLMA М-11
UZUM1258	Ташкентская обл.,г. Бекабад, Бирдамлик МСГ, ул. Истиклол, дом 316	OLMA В-7
UZUM1259	Ташкентская область, г. Бекабад,14-й микрорайон, 76,	Aziya Market
UZUM1274	Ташкент,  Мирзо-Улугбекский район, ул. Мирзо Улугбека, 69	Pharmacosmos C-39 Буюк ипак Йули
UZUM1278	Ташкент, Мирзо-Улугбекский район, массив Городок Тракторостроителей, 1-й квартал, 4	Pharmacosmos C-52 ТТЗ-1
UZUM1297	Ташкент, Шайхантахурский район, ул. Лабзак, 76	Pharmacosmos C-126 Labzak
UZUM1330	Самаркандская обл., Окдарёский район, город Лоиш, улица Амира Темура, дом 1	Единое Окно
UZUM1337	Ташкент, Шайхантахурский район, пр. Коратош, 11А	ATLAS Караташ
UZUM1344	Ташкент, Чиланзарский р-н, Дилобод МСГ, 6-квартал, дом 50	OLMA М-139
UZUM1352	Фергана, улица Абдуллы Кадыри, дом 82	Пункт выдачи Uzum Market
UZUM1353	Фергана, ул. Алишера Навои, 74	Пункт выдачи Uzum Market
UZUM1354	г.Коканд , 1 тупик Истиклол, дом 1	Пункт выдачи Uzum Market
UZUM1355	г.Коканд, А.Т.Хукандий МФЙ, дом 108-В	Пункт выдачи Uzum Market
UZUM1356	г.Коканд, улица Фуркат, дом 102Г	Пункт выдачи Uzum Market
UZUM1357	г.Коканд, улица Туркистан, дом 138/2А	Пункт выдачи Uzum Market
UZUM1358	г.Коканд, квартал Туркистан, дом 2, квартира 12	Пункт выдачи Uzum Market
UZUM1359	Маргилан, ул. Бурхануддина Маргинани, дом 69	Пункт выдачи Uzum Market
UZUM1360	Маргилан, улица Мустакиллик, дом 236	Пункт выдачи Uzum Market
UZUM1361	Ферганская область, Маргилан, махаллинский сход граждан Истиклол	Пункт выдачи Uzum Market
UZUM1363	г. Ташкент, Учтепинский район, махалля Фаход, дом 7 Б	Пункт выдачи Uzum Market
UZUM1364	г. Ташкент, Сергелийский район, массив Куйлюк, 6-й квартал, дом 15	Пункт выдачи Uzum Market
UZUM1366	г. Ташкент, Юнусабадский район, проспект Амира Темура, дом 70	Пункт выдачи Uzum Market
UZUM1368	г. Ташкент, Учтепинский район, массив Чиланзар, 11 квартал, дом 34	Пункт выдачи Uzum Market
UZUM1369	г. Наманган, улица Алишера Навои, дом 8	Пункт выдачи Uzum Market
UZUM1370	г. Наманган, улица Бабуршах, дом 3,4	Пункт выдачи Uzum Market
UZUM1371	г. Наманган, улица Уйчи, дом 243, магазин 6,6а	Пункт выдачи Uzum Market
UZUM1372	г. Наманган, улица Саноат, дом 56	Пункт выдачи Uzum Market
UZUM1386	г. Янгиюль, Самаркандская улица, дом 301	Пункт выдачи Uzum Market
UZUM1387	г. Кибрай, Ифтихор МФЙ, улица Укитувчи, дом 6	Пункт выдачи Uzum Market
UZUM1389	г. Янгиюль, Проспект Ташкент, 40 дом	Пункт выдачи Uzum Market
UZUM1391	г. Бекабад, улица Буюк Ипак Йули, дом 337	Пункт выдачи Uzum Market
UZUM1393	г. Бекабад, 12-й микрорайон, дом 45	Пункт выдачи Uzum Market
UZUM1394	г. Бекабад, улица Сабира Рахимова, дом 251	Пункт выдачи Uzum Market
UZUM1395	г. Келес, Ташкентский район, Хувайдо МФЙ, улица Келес Йули, дом 2/2	Пункт выдачи Uzum Market
UZUM1396	г. Янгибазар, улица Мустакиллик	Пункт выдачи Uzum Market
UZUM1398	г. Ахангаран, Янгиабад МФЙ, улица Амира Темура, дом 92	Пункт выдачи Uzum Market
UZUM1399	Фергансакая обл., Город Коканд А.Ул. Навои, дом 205-а	Единое Окно
UZUM1402	г. Фергана,, улица Тарона, 16	ATLAS  Фергана
UZUM1405	г Коканд, Мукими, Олтин водий МСГ, улица Мовароуннахр, д.3/2	Makro m138
UZUM1406	г. Нукус, улица П. Сеитова, дом 6	Пункт выдачи Uzum Market
UZUM1407	г. Коканд, ул. Янги хаёт, 62А	Asmalt Hotel Kokand
UZUM1408	г. Ташкент, Сергелийский район, ул. Нулуфар 77/7	Узум маркет
UZUM1410	г. Фергана, ул. Аэропорт, 16	Международный аэропорт Фергана
UZUM1411	г. Наманган, 7-й микрорайон	Ayman Farm
UZUM1412	г. Наманган, махаллинский сход граждан Маргилан, ул. Маргилон, 12A	Sportzone
UZUM1413	г. Наманган, махаллинский сход граждан Оби Хаёт, ул. Хамрох, 96	БЦ Grand Biznes
UZUM1414	г. Нукус, улица Досназарова Аллаяра, дом 9/5	Пункт выдачи Uzum Market
UZUM1415	г. Наманган, улица Хуррият	Istiqlol
UZUM1416	г. Наманган, махаллинский сход граждан Бобуршох, ул. Бобуршох, 8	Shedevr Plaza
UZUM1417	г. Наманган, ул. Нодира Кориева, 1	Saydana Медцентр
UZUM1418	г. Наманган, ул. Н. Намангани, 12	Reikartz Hotel
UZUM1419	г. Наманган, махаллинский сход граждан Марифат, улица Кукон, 82	Medilife qoqon kocha
UZUM1420	г. Наманган, 2-й тупик 6-проезда Мисгар	Medilife boburshoh kocha
UZUM1421	г. Нукус,  улица Аллаяра Досназарова, дом 35	Пункт выдачи Uzum Market
UZUM1422	г. Нукус, улица Николая Сараева, дом 14	Пункт выдачи Uzum Market
UZUM1426	г. Карши, 4 микрорайон, 2 дом	Пункт выдачи Uzum Market
UZUM1427	г.Карши, 5 микрорайон, Насаф кучаси, дом 4/156	Пункт выдачи Uzum Market
UZUM1428	г. Карши, ул. Хонобод	Пункт выдачи Uzum Market
UZUM1429	г. Карши, 1 микрорайон , 35 дом	Пункт выдачи Uzum Market
UZUM1430	г. Карши, улица Алчин, дом 1Б	Пункт выдачи Uzum Market
UZUM1431	г. Карши, улица Ислама Каримова, дом 20	Пункт выдачи Uzum Market
UZUM1432	г. Карши, улица Насаф, дом 298, квартира 2-Н	Пункт выдачи Uzum Market
UZUM1433	г. Термез, улица Ибн Сино, дом 21	Пункт выдачи Uzum Market
UZUM1434	г. Термез, улица Навбахор, дом 29-Г	Пункт выдачи Uzum Market
UZUM1435	Термез, махаллинский сход граждан Жайхун, улица Ал Хаким Ат-Термизий, 23G	Пункт выдачи Uzum Market
UZUM1436	г. Термез, улица Баркамол Авлод, дом 12/5	Пункт выдачи Uzum Market
UZUM1437	г. Термез, улица Фидокорлар, дом 52	Пункт выдачи Uzum Market
UZUM1442	г. Навои, улица Махмуда Тароби, дом 111	Пункт выдачи Uzum Market
UZUM1448	г. Навои, улица Кармана, дом 94	Пункт выдачи Uzum Market
UZUM1452	г. Нукус, Гарезсизлик МФЙ, улица Сабира Камалова, 12 дом	Пункт выдачи Uzum Market
UZUM1453	г. Нукус, ул. Ерназара Алакоза, 60A	Mega Nukus
UZUM1455	Навои, улица Махмуд Тараби, 122	Korzinka "Навои"
UZUM1457	город Карши, улица Ислама Каримова, 17	Корзинка Карши Атлас
UZUM1462	Каршинская область улица Карши-Шахрисабз Йули, 4/248	Uzum Market Франшиза
UZUM1463	г. Самарканд, микрорайон Согдиана-А, 16.	OXY Med (Самарканд 4 роддом)
UZUM1464	Самаркандская обл., г. Самарканд, ул. Мирзо Улугбека, 105	Тц Поворот Mobile House
UZUM1465	г. Самарканд, ул. Мухаммада Аль-Хорезми, 115А	БЦ Эл Xoldıng( Кинап)
UZUM1064	Ташкент, Шайхонтохурский район, улица Батыра Закирова	Станция метро Алишера Навои
UZUM1155	Ташкентская обл., Бостанлыкский р-н, махалля Бостон, ул. Бирлик, д.74	OLMA C-7
UZUM1243	Ташкентская обл., г. Бекабад, МФЙ Узбекистан, ул. Сырдарья, дом 609	ISHONCH(Bekobod)
UZUM1245	Ташкентская обл., Ташкентский район, МФЙ Файзиобод, ул. Келес Йули	ISHONCH(Keles)
UZUM1246	Ташкентская обл., Юкоричирчикский район, ул. Мустакиллик (Независимости)	ISHONCH(Yuqori Chirchiq)
UZUM1248	Ташкентская обл., Паркентский район, МФЙ Ойбек, ул. Алишера Навои, дом 18-А	ISHONCH(Parkent)
UZUM1255	Ташкентская обл., г. Паркентский, ул. Мафтункор, 107, махаллинский сход граждан Марказий	OLMA К-4
UZUM1257	Ташкентская обл.,г.Ангрен, Дорилфунун МСГ ,квартал 5/5, дом 384	OLMA A-30
UZUM1261	Ташкентская обл. г. Бекабад, 13-й микрорайон, 21	Афсона маркет
UZUM1270	Ташкент, улица Ковунчи	Pharmacosmos C-07 БИСЁР
UZUM1296	Ташкент, Мирзо-Улугбекский район, ул. Аккурган, 35	Pharmacosmos C-124 НовоМосковский
UZUM1304	Ташкентская область, Зангиатинский район, городской посёлок Эркин, 8-й проезд Комолиддин Бехзод, 69	Pharmacosmos С-79 Олимполвон-2
UZUM1305	Ташкентская область, Зангиатинский район, городской посёлок Эркин	Pharmacosmos C-87 Олимполвон карзинка
UZUM1339	Ташкент, Яккасарайский район, улица Шота Руставели, 53	OOO "NAVBAHOR APTEKA" №66
UZUM1343	г. Нурафшан, ул. Ташкент Йули, 84	Белорусская косметика
UZUM1347	Ташкентская обл.,г. Ангрен, МСГ Карвон, улица Абу Али Инб Сино, 14	OLMA А-34
UZUM1362	Асака, улица Нажмиддина Кубро, дом 35	Пункт выдачи Uzum Market
UZUM1373	г. Наманган, улица Афрасияб, дом 38	Пункт выдачи Uzum Market
UZUM1374	г. Андижан, Узбегим МФЙ, улица Амир Темур Шох, дом 9/A	Пункт выдачи Uzum Market
UZUM1375	г. Андижан , улица Бобур шох, дом 116	Пункт выдачи Uzum Market
UZUM1376	г. Андижан, улица Алишер Навои, дом 33	Пункт выдачи Uzum Market
UZUM1377	г. Андижан, 2 микрорайон, дом 16А	Пункт выдачи Uzum Market
UZUM1378	г. Андижан, улица Пирмухамедова, дом 2-а	Пункт выдачи Uzum Market
UZUM1379	г. Андижан, улица Чаманзор, дом 12-а	Пункт выдачи Uzum Market
UZUM1380	г. Андижан, улица Узбекистан, дом 206	Пункт выдачи Uzum Market
UZUM1384	г. Ангрен, улица Узбекистон Мустакиллиги, дом 110	Пункт выдачи Uzum Market
UZUM1385	г. Ангрен, МСГ Карвон, квартал 3/2	Пункт выдачи Uzum Market
UZUM1388	г. Алмалык, улица Фахрийлар, дом 26	Пункт выдачи Uzum Market
UZUM1390	г. Алмалык, улица Амира Темура, дом 61	Пункт выдачи Uzum Market
UZUM1392	г. Бекабад, улица Саломатлик, дом 29	Пункт выдачи Uzum Market
UZUM1397	г. Газалкент, Бостанлыкский район, Навруз МФЙ, улица А. Эсанов, дом 42	Пункт выдачи Uzum Market
UZUM1400	Андижанская область, г. Андижан, проспект Амира Темура, 35б	Korzinka Андижан Амир Темур
UZUM1401	г. Андижан, ул. А. Темура, дом 35	Единое Окно
UZUM1403	г. Наманган, Шодлик МСГ, ул.Туракургон, дом 138	Bellissimo Namangan 2 Шодлик
UZUM1404	Андижанская область, г. Асака, ул. Умид, 724	Makro m022
UZUM1409	г. Андижан, улица Машраба, 62	Navruz Mall
UZUM1423	г. Гулистан, ул. Сайхун, 69 дом	Пункт выдачи Uzum Market
UZUM1424	г. Гулистан, проспект Узбекистан, дом 119	Пункт выдачи Uzum Market
UZUM1425	г. Гулистан, улица Ислам Каримов, дом 118	Пункт выдачи Uzum Market
UZUM1438	г. Джизак, Зилол махаля, улица Мустакиллик, дом 26 (Базар Ором)	Пункт выдачи Uzum Market
UZUM1439	г. Джизак , Заргарлик МФЙ, улица Заргарлик, дом 14	Пункт выдачи Uzum Market
UZUM1440	г. Навои, улица Амира Темура, 28	Пункт выдачи Uzum Market
UZUM1441	г. Навои, 9 микрорайон, ул. Дружбы народов	Пункт выдачи Uzum Market
UZUM1443	г. Навои, улица Садриддина Айни, 105А дом	Пункт выдачи Uzum Market
UZUM1444	г. Навои, улица Жанубий, 29 дом	Пункт выдачи Uzum Market
UZUM1445	г. Навои, улица Узбекистан, 12 дом	Пункт выдачи Uzum Market
UZUM1446	г. Навои, улица Махмуда Тароби, дом 75	Пункт выдачи Uzum Market
UZUM1447	г. Навои, проспект Галаба, дом 133	Пункт выдачи Uzum Market
UZUM1449	г. Навои, проспект Ислама Каримова, дом 64	Пункт выдачи Uzum Market
UZUM1450	г. Навои, улица Алишера Навои, дом 38В	Пункт выдачи Uzum Market
UZUM1451	г. Навои, проспект Галаба, дом 164В	Пункт выдачи Uzum Market
UZUM1454	г. Навои, 8-й микрорайон, 418	Zarafshan Grand Hotel
UZUM1456	г. Ташкент, Яшнабадский район, ул. Джаркурган, 39	Korzinka K197 Джаркурган
UZUM1458	г. Гулистан, махаллинский сход граждан Тараккиёт	Единое окно
UZUM1459	г. Гулистан, ул. Узбекистан	ISHONCH(Guliston)
UZUM1460	г. Термез, ул. Навои, дом 48х	ISHONCH(Termiz)
UZUM1461	Джизакская обл., г. Джизак, ул. Рашидова	ISHONCH(Jizzax)
UZUM1466	Самаркандская область, Тайлакский район, населённый пункт Курганча	PURE MILKY
UZUM1467	г. Самарканд просп. Навои, 27А	АЗС 8 марта
UZUM1468	г. Самарканд, массив Карасу, 158	Пункт выдачи Uzum market
UZUM1469	Хорезмская область,г. Ургенч, парк культуры и отдыха имени Амира Темура	Memorial Hospital
UZUM1470	г. Ургенч, ул. Тинчлик, 111	IDEAL SARI
UZUM1471	г. Ургенч, ул. Ханка, 102	Maxidom
UZUM1472	Хорезмская область, г. Ургенч, махаллинский сход граждан Машъал	AYLIN MARKET
UZUM1514	г. Ташкент, Мирзо-Улугбекский район,улица Хамида Алимджана, махаллинский сход граждан Нур	Eco Park
UZUM1507	г. Карши улица Куроллий Кучлар, 2A	X5 супермаркет (Marka)
UZUM1508	г. Карши улица Ислама Каримова, 216	MARKA super market
UZUM1509	г. Карши ул. Нурчилар, 48	Uzum Market Франшиза УВД
UZUM1473	Джизакская область, Шараф-Рашидовский район,МСГ Кушкуприк, улица Урдакли, 93	Bellissimo O`rda parki
UZUM1474	г. Джизак, микрорайон 3/1	ALIBAZAR MARKET
UZUM1475	г. Джизак, махаллинский сход граждан Зилол, ул. Мустакиллик, 33B	MEDUZA MARKET
UZUM1476	г. Джизак, махаллинский сход граждан Заргарлик, ул. Шарофа Рашидова, 78	KO'K SAROY
UZUM1477	г. Самарканд,МСГ Баходир Ялангтуш,ул.Ифтихор ,дом 135	Olma S-15 ( Самарканд )
UZUM1478	Самаркандская обл., район Тайлок, МФЮ Чарогбон, Янги Тойлок 1	Единое окно
UZUM1479	Самаркандская обл.,г. Самарканд, ул. Буюк Ипак Йули, 131Б	ATLAS  Самарканд
UZUM1480	г.Тошкент, Шайхантахурский район, ул.Бунёдкор 4а	OXY Med (Дружба) 169
UZUM1481	г. Ташкент, улица Шимолий Олмазор, 15	OXY Med (Северный алмазар) 175
UZUM1482	г. Ташкент, Яшнабадский район, массив Городок Авиастроителей, 2-й квартал, 41	OXY Med (Кадышева)14
UZUM1483	г. Ташкент, ул. Алишера Навои, 30А	Mix Podarok
UZUM1484	г. Ташкент, Мирзо Улугбексикй район, ул. Льва Толстого, 65	Франшиза ПВЗ Uzum Market
UZUM1485	г. Ташкент, Яшнабадский район, массив Городок Авиастроителей, 2-й квартал, 56А	Legion МАГАЗИН Россия
UZUM1486	г.Ташкент, Мирзо-Улугбекский р-н,  ул. Муминова, 12	OXY Med (Эндокринология2)
UZUM1487	г.Ташкент, Яшнабадский район, ул. Паркент, 30В	OXY Med (Паркент)
UZUM1489	г. Ташкент,  Юнусабадский район, махаллинский сход граждан Нурмакон	OXY Med (Юнус-Абад) 98
UZUM1490	г.Ташкент, Юнусабадский р-н, 2 квартал, д.7Б	OXY Med (Юнус-Абад Универсам)
UZUM1491	г. Ташкент, Мирзо-Улугбекский район, Камолот МФЙ, улица Мирзо-Улугбека, 134а-дом	OXY Med (геникология)
UZUM1492	г. Ташкент, Бектимирский район, просп. Бектемир, 126А	Legion МАГАЗИН Бектимирский
UZUM1493	Ташкентская обл.,Кибрайский р-н,МСГ Файзобод,ул. Зиёкорлар,дом 222	Olma М-167
UZUM1494	Ташкентская область г. Ангрен, ул. Тулица Узбекистон Мустакиллиги, 76.	OXY Med (Ангрен)
UZUM1495	Ташкентская область, Ахангаранский район, махаллинский сход граждан Ёнарик, улица Нуробод Кургони	Olma А-26
UZUM1496	Ташкентская область, г. Бука, ул. Марказий, 4/1	Olma В -11
UZUM1497	Ташкентская обл. населённый пункт имени Абдурахманова, улица Мингтерак, 32A,	Olma С-19
UZUM1498	Ташкентская область, Кибрайский район, городской посёлок Салар, Oʻqituvchi koʻchasi	Olma С-29
UZUM1499	Ташкентская область, Кибрайский район, махаллинский сход граждан Алишер Навоий	Olma С-30
UZUM1500	Ташкентская обл.,Кибрайский р-н, городской посёлок Салар, ул. Гулимамур, 7А	OXY Med (САМПИ)
UZUM1501	Ташкентская обл. махаллинский сход граждан Мустакиллик, улица Чимкент Йули, 190	Olma С-23
UZUM1502	Ташкентская обл. Юкоричирчикский р-н, МСГ Миробод, ул.Юртдош, дом-51а	OLMA К-08
UZUM1503	Ташкентская область, Юкоричирчикский район, населённый пункт Навруз	Olma А-37
UZUM1504	г. Ташкент, Мирзо улугбек район улица Дурмон йули, 20	Франшиза ПВЗ маркет
UZUM1505	Бухарская обл., г. Бухара, ул. Хавзи Нав, дом 21	ISHONCH(Buxoro)
UZUM1506	г. Карши проспект Алишера Навои, 5А	MARKA super market 2
UZUM1510	г. Навои, просп. Победы, , 17Б	TEXNO PLANET
UZUM1511	г. Навои, ул. Алишера Навои, 1	Regal Hotel by Grand
UZUM1512	г. Наманган, махаллинский сход граждан Юкори Гирвон, улица Хамид Олимжон, 153	Namangan zargarlik klasteri
UZUM1513	г. Наманган, махаллинский сход граждан Озод, ул. улица Намангансай	Sobit Ota Stamotologiya
UZUM1515	г. Ташкент, Мирзо-Улугбекский район, массив Ахмада Югнаки, 24A	Korzinka Maxalla
UZUM1516	г. Бухара, ул. Мехтар Анбар, 100	Ресторан ляби хауз
UZUM1517	г. Бухара, ул. Мухаммада Икбала, 1	Himchan диагностический центр
UZUM1518	Маргиланская обл.,г. Маргилан, улица Бурхануддина Маргинани, 111	ТЦ Ansor
UZUM1519	г. Наманган, махаллинский сход граждан Тукувчи, ул. Дустлик, 9	Buyuk Ipak Yo'li Mehmonxonasi
UZUM1520	г. Наманган, махаллинский сход граждан Давлатобод, ул. Кукумбой, 131	Best pharm dorixona
UZUM1521	г. Самарканд,ул. Шахруха Мирзы, 17	Makon Mall
UZUM1522	г. Самарканд, Фархадская улица, 57А.	ТЦ Festival mall
UZUM1523	г. Сырдарья, ул. Узбекистан (бывшее здание универмага)	ISHONCH(Sirdaryo)
UZUM1524	г. Гулистон, МСГ Манавият, ул. Эзгулик,д-6	OLMA D-25
UZUM1525	г.Ташкент,  Мирзо-Улугбекский район, ул. Мингбулок, Карасу 2, 4	Белорусская косметика
UZUM1526	г. Алмалык, ул. Фурката, 1	Белорусская косметика
UZUM1527	г. Ургенч, улица Янги Шовот Йули, 3	Darital Supermarket
UZUM1528	г. Ургенч, махаллинский сход граждан Навбахор	ЦУМ ТЦ Урганч
UZUM1529	Ургенчский район, махаллинский сход граждан Мевазор, улица Мустакиллик, 22/7	Urganch Univermagi
UZUM1530	г. Чирчик, ул.Ш.Рашидова 21	Белорусская косметика
UZUM1531	Бухарская обл., г Каган, махаллинский сход граждан Мирзо Улугбек, ул. Дустлик, 171	Korzinka Каган
UZUM1532	Бухарская область, г. Бухара, МСГ «Бунёдкор», улица Саноатчилар, 3	Korzinka K236 Саноатчилар 3
UZUM1533	г. Бухара, пересечение улиц Афросиаб и Ибн Сино.	Корзинка Бухара-2
UZUM1534	г. Бухара, ул. Бахауддина Накшбанда, 149	Korzinka Бухара 1
UZUM1535	г. Джизак, просп. Шарафа Рашидова, 7	Korzinka Джиззак
UZUM1536	г. Коканд, махаллинский сход граждан Ялангочота, ул. Туркистон, 28D	Reikarst hotel Qo`qon
UZUM1537	г. Наманган, махаллинский сход граждан Шодлик, улица Алишера Навоий, 76	Texno park
UZUM1538	г. Наманган, МСГ Юкори Гирвон, ул. Хамид Олимжон, 153	Korzinka Наманган Афсона
UZUM1539	Самаркандская область, Пайарыкский район, поселок Гозал, улица Чулпон	Единое окно
UZUM1540	г. Самарканд, ул. Гагарина, 86	Korzinka (Гагарина)
UZUM1541	Самаркандская область, Джомбойский район, Ташкентский МФЮ, улица Ташкентская	Единое окно
UZUM1542	г. Самарканд, ул. Рудакий, дом 54.	Корзинка Самарканд вокзал
UZUM1548	г. Ташкент, Юнусабадский район, Богиравон, 27а стр	Baraka Market Магазин 100
UZUM1549	г. Ташкент, Сергелийский р-н, Садокат МСГ, ул.Хонобод,4-проезд, дом 2	Olma М -122   ( Ташкент )
UZUM1550	г. Ташкент, Мирабадский район, ул. Фидокор, 32	Бизнес-центр Inco
UZUM1551	г. Ташкент,  Шайхантахурский район, улица Лабзак, 28А	ПВЗ ФРАНШИЗА FrTash226
UZUM1552	г. Ташкент, Яшнабадский р-н,  махаллинский сход граждан Олмос	Brs Gaz Метан заправка
UZUM1553	г. Ташкент, Учтепинский район, ул. Фархадская, Г30 блок 15	ТРЦ Scopus Mall 2
UZUM1554	г. Ташкент, Сергелийский р-н, Кипчак МСГ,  ул. Сергили 4-квартал, дом 13-А	Olma М-118  ( Ташкент )
UZUM1555	г. Ташкент, Яшнабадский р-н, МСГ Асалабад, массив Асалабад-2, дом-3	Olma М-179  ( Ташкент )
UZUM1556	г. Ташкент, Мирабадский р-н, МСГ Ок уй, ул.Ок Билол, дом 41	Olma М-183  ( Ташкент )
UZUM1557	г. Ташкент, Мирзо -Улугбекский р-н, МСГ Минглола, массив Карасу-6, д. 16-Б	Olma М-188  ( Ташкент )
UZUM1558	г. Ташкент, Мирзо-Улугбекский район, массив Карасу,ул. Ш.  Бурханова, 2-й квартал, 23	Корзинка Карасу
UZUM1559	г.Ташкент, Учтепинский  р-н,, ул. Фазылтепа, 93	Корзинка Учтепа
UZUM1560	г. Ташкент, ул. Кукча Дарвоза, 628	Korzinka Бешкайрагоч
UZUM1561	г. Ташкент, Яшнабадский район, квартал Авиасозлар	Korzinka Ависозлар
UZUM1562	г. Ташкент, Шайхантахурский район, массив Джангох, 13	Korzinka Абай
UZUM1563	г. Ташкент, Мирзо-Улугбекский район, 2-й тупик Жасорат, 9	Korzinka Луначарский
UZUM1564	Ташкент, улица Ахмада Югнаки	Korzinka Югнакий
UZUM1565	г. Ташкент, ул. Садыка Азимова, 51	Korzinka Амор Мия
UZUM1566	Ташкентская обл., Зангиотинский район, проспект Назарбека, 12.	Korzinka Назарбек
UZUM1567	г. Ургенч, махаллинский сход граждан Навбахор, ул. Ёгду, 40	Urgench city mall
UZUM1568	Хорезмская область, Ургенчский район, махалля Шерматлар,4-й проезд Тафаккур	REGISTON MARKET
UZUM1571	Ташкентская область, г. Ахангаран, улица Алишера Навои, 5	Франшиза ПВЗ маркет
UZUM1543	махаллинский сход граждан Янги Бунёдобод, Сергелийский район, 	Сергели Авто рынок
UZUM1545	г. Ташкент, Мирзо-Улугбекский район,махаллинский сход граждан Кухна Мевазар	Лукойл
UZUM1546	Ташкентская обл., г. Янгиюль, ул.Дустлик, МФЙ Нуробод, дом 85	Лукойл
UZUM1547	Ташкентская обл., г. Янгиюль, ул.Дустлик, МФЙ Нуробод, дом 58	Лукойл
UZUM1573	г. Ташкент., Бектемирский район, ул. Байгара, д. 43)	Единое окно
UZUM1574	г. Ташкент.. Мирабадский район А.Проспект Тимура, 31	Единое окно
UZUM1575	г. Ташкент.. Мирзо Улугбекский район, улица Каландар, дом 2	Единое окно
UZUM1576	г. Ташкент.. Алмазарский район, улица Талабалар, 54	Единое окно
UZUM1577	г. Ташкент.. Сергелийский район, улица Обихайот, 3а)	Единое окно
UZUM1578	г. Ташкент.. Учтепинский район, улица Фархода, 21	Единое окно
UZUM1579	г. Ташкент.. Чиланзарский район, улица Бунёдкор, 7 Г	Единое окно
UZUM1580	г. Ташкент , площадь Чорсу д. 2	Единое окно
UZUM1581	г. Ташкент.. Юнусабадский район, улица Осиё, 4а	Единое окно
UZUM1582	г. Ташкент.. Яшнабадский район, 1-й переулок Авиасозлар, 7а	Единое окно
UZUM1583	г. Ташкент.. Янгихаётский район, улица Бирлик, 70	Единое окно
UZUM1584	Ташкенская обл., Ташкентский район, город Келес, улица Келес Йули, дом 4	Единое окно
UZUM1585	г. Ташкент, Шайхантахурский район, ул. Коратош, 5А	ТРЦ Samarqand Darvoza
UZUM1586	Ташкентская область,Зангиатинский район, махалля Гульбаг, ул. А.Темура 48	Korzinka Зангиота
UZUM1587	Ташкентская область г. Ангрен,  4-й квартал, 12	Единое окно
UZUM1588	Ташкентская обл. город Газалкент , Бостанлыкский район , улица Узгариш 20  	Единое окно
UZUM1589	Ташкентская обл., Город Бекабад,.Улица Гулам 365	Единое окно
UZUM1590	Ташкентская обл. Махаллинский сход граждан Олдинводий , Бекабадский район , улица Зафара	Единое окно
UZUM1591	Ташкентская обл., Букинский район, город Бука, улица Узбекистанская, дом 7	Единое окно
UZUM1592	Ташкентская обл., Зангиатинский район, курган Эшонгузар, улица Ойбека, дом 8	Единое окно
UZUM1593	Ташкентская обл., Город Янгиюль, Ш.Ул. Рашидова, 1А	Единое окно
UZUM1594	Ташкентская обл., Янгиюльский район Гулбахор г.Улица Рашидова 	Единое окно
UZUM1595	Ташкентская обл., Чиназский район, ш.Ул. Рашидова, д. 12	Единое окно
UZUM1596	Ташкентская обл., город Чирчик, улица Юсупова, 2А	Единое окно
UZUM1597	Ташкентская обл., Ортачирчикский район, улица Ёшлик	Единое окно
UZUM1598	Ташкентская обл., Юкоричирчикский район, поселок Янгибазар, улица Мустакиллик, 78	Единое окно
UZUM1599	Ташкентская обл., Ахангаранский район, улица Файз, 7А	Единое окно
UZUM1600	Ташкентская обл., г. Ахангаран, Улица А.Тимура, дом 15	Единое окно
UZUM1601	Ташкентская область г. Алмалык микрорайон 5/3	Единое окно
UZUM1602	Ташкентская обл., Паркентский район, А.Улица Навои 	Единое окно
UZUM1604	Ташкентская обл., город Нурафшон, улица Ташкент Йули, 58	Единое окно
UZUM1605	Ташкентская обл., Кибрайский район, улица Зебинисо, 1А	Единое окно
UZUM1606	Ташкентская обл.,Куйичирчикский район , г. Дустабад улица Мухамедкулова, 60A	Единое окно
UZUM1607	Ташкентская обл., Аккурганский район, улица Ойбека, 332	Единое окно
UZUM1608	Ташкентская область, Пискент улица Бобур Мирзо, 37, МСГ Митан	Единое окно
UZUM1603	г. Ташкент, Шайхантахурский район, массив Джангох, 34	Makro - 078
UZUM1611	г. Ташкент, Юнусабадский район улица Юнусата, 6Б, 	Tashkent supermarket
UZUM1613	г. Ташкент,  Юнисабадский район. ул. Ахмада Дониша, 47В	ТЦ Универсам
UZUM1609	г. Ташкент, Шайхантахурский район, махаллинский сход граждан Укчи.	ТЦ Park in MALL
UZUM1610	г. Ташкент, Шайхантахурский район, махаллинский сход граждан Укчи.	ТЦ Park in MALL
UZUM1614	г. Коканд, ул.Фуркат 75	Korzinka Коканд Гузаль
UZUM1615	Ферганская область, город Фергана, улица Абдулла Кадыри, 37а	Korzinka Фаргона
UZUM1616	г. Ташкент, Яшнабадский район, ул. Авиасозлар 3	Bellissimo Aviasozlar
UZUM1621	г. Ташкент, Яшнабадский район, махаллинский сход граждан Илтифот	Корзинка Махалля — Илтифот
UZUM1623	г. Ташкент, Чиланзарский район, квартал 19 дом1 (ул.Аль Хорезми дом 66/9)	Bellissimo Chilonzor 19
UZUM1624	г. Ташкент, Шайхантахурский район, махаллинский сход граждан Зафарабад, ул. Зафаробод, 12/1	Korzinka Махалля — Бустон
UZUM1626	г. Ташкент, Мирзо-Улугбекский р-н, улица Паркент, 131А	Bellissimo Parkentskiy
UZUM1629	г. Ташкент, Учтепинский район, массив Чиланзар, 11-й квартал, 4	Legion МАГАЗИН № 21 АЛЬ ХОРЕЗМИ
UZUM1630	г.Ташкент, Яшнабадский р-н, пересечение улиц Фергана Йули и Тантана, дом 2	Bellissimo Kuylyuk
UZUM1632	г. Ташкент, Шайхантахурский район, массив Хадра, 7	Bellissimo Ganga
UZUM1634	г. Ташкент,Яшнабадский район,Шахимарданская улица, 84	Bellissimo Korzinka yangiabad
UZUM1635	г. Ташкент, Сергелийский район, ул. Янги Сергели, 27	Korzinka Авторынок Сергели
UZUM1639	г. Ташкент., Чиланзарский р-н, ул. Чиланзарская	Bellissimo Gagarina
UZUM1640	г. Ташкент, Яшнабадский район, ул. Сарыкуль, 34	Legion Магазин №14 Саракулька
UZUM1641	г. Ташкент,  Шайхантахурский район, улица Ипакчи, 14	Korzinka H072 Ипакчи 2
UZUM1642	г.Ташкент, Мирзо-Улугбекский р-н, ул. Юзрабод (Белоножка), дом 1	Bellissimo TTZ Diadora
UZUM1612	Ташкент, Шайхонтохурский район, махаллинский сход граждан Гульбазар	Станция метро Чорсу
UZUM1617	г. Ташкент, ул. Кукча Дарвоза, дом 488	Bellissimo Kukcha
UZUM1618	г. Ташкент, Юнусабадский район, ул. Ифтихор, 1A	Legion Магазин №28 Телевышка
UZUM1619	г. Ташкент, ул. Буюк Ипак Йули, дом 123	Bellissimo M.Gorkiy
UZUM1620	Ташкент, Учтепинский район, массив Чиланзар, 22-й квартал, 30А	Legion Учтепа РОВД
UZUM1622	г. Ташкент, ул. Узбекистон овози 21	Bellissimo C1
UZUM1625	Ташкент,улица Уч Кахрамон, 12А	Bellissimo Yunusobod Setor
UZUM1627	г. Ташкент, улица Фараби, 463	Bellissimo Beltepa
UZUM1628	г. Ташкент, ул.Юнусота МФЙ 14	Bellissimo kristal ( buddy burger)
UZUM1631	г.Ташкент, Мирабадский р-н, (Ойбек-2) Афросиёб шох кучаси	Bellissimo Oybek metro
UZUM1633	г. Ташкент, Мирзо-Улугбекский район,улица Сайрам, 1Б	Bellissimo Buz bazar
UZUM1636	г. Ташкент, улица Ислама Каримова, 8/1	Bellissimo Drujba
UZUM1637	Ташкент, Алмазарский район, массив Каракамыш, квартал 2/4, 19Б	Legion МАГАЗИН №53 КОРАКАМЫШ
UZUM1638	ул.Матбуотчилар, Зарафшан (Ата-Турк) и Сайилгох	Bellissimo Poytaxt
UZUM1643	г. Самарканд, улица Буюк Ипак Йули, 69А	Bellissimo Marhabo
UZUM1644	Самарканд, ул. Орзу Махмудов, 10	Bellissimo Orzu Makhmudova
UZUM1645	г. Самарканд, МСГ «Саъдий Шерозий», улица Туркистон, 148б	Korzinka Самаркад Туркистон
UZUM1646	г. Самарканд,улица Ибн Сины, 25А	Bellissimo Samakqand gilyon 5
UZUM1647	г.Самарканд, ул. Регистан 7	Bellissimo Registon
UZUM1649	Ташкентская область, Бостанлыкский район, МСГ «Коронкул», улица Янги Узбекистон, 189	Korzinka Янги Узбекистон, 189
UZUM1650	г. Карши улица Насаф, 4/173	Max fit
UZUM1651	г. Карши, махаллинский сход граждан Навоий, ул. Жайхун, 5	Metro Mall
UZUM1652	г. Нукус проспект Ходжейли, 15	Zor market
UZUM1653	г. Ургенч улица Ал-Хоразмий, 90/4	Uzbekistan Hotel
UZUM1654	г. Ургенч улица Фарход, 33/68	Cosmo Park
UZUM1655	Ташкентский район, населённый пункт Тутзар	Legion Магазин №61 Бетонка
UZUM1656	г. Ташкент, Бектимирский район, ул. Хусейна Байкары, 29Г	Legion Магазин№53 Водник
UZUM1657	г. Ташкент, Мирзо-Улугбекский район, ул. Олтинтепа, 259	Legion МАГАЗИН № 10 ЦИАЛКОВСКИЙ
UZUM1658	Ташкентская область, Бостанлыкский район, городской посёлок Чарвак	Makro - 147
UZUM1659	г. Ташкент, Юнусабадский район, махаллинский сход граждан Хасанбай, ул. Барака, 106А	ПВЗ УЗУМ МАРКЕТ (франшиза)
UZUM1660	г. Ташкент, Шайхантахурский район, ул. Талабалар, 25г.	Makro - 140
UZUM1661	г. Чирчик, МФЙ  Бирлик, ул.А.Навои, дом 447	Korzinka Чирчик Парк
UZUM1662	Ташкентская область, г. Нурафшан, махаллинский сход граждан Нурафшон, улица Тошкент Йули, 52	Makro - 144
UZUM1648	г. Ташкент, Мирзо-Улугбекский район, улица Миллий Бог.	Makro - 071
UZUM1663	Ташкентская область,  г. Алмалык, МСГ Кимёгар, ул.Эхтиром, д-10-д	OLMA А-41
UZUM1664	Ташкентская область, г. Ангрен, МСГ Навбахор,12 массив, дом-1	OLMA А-45
UZUM1665	Бухара, улица Мустакиллик	Buxoro Savdo Majmuasi
UZUM1666	г. Бухара, улица Б. Накшбанди, 168 дом.	Единое окно
UZUM1667	г. Карши, улица Тукмангит, 5	SofGO 2
UZUM1669	г. Нукус, улица Дослык каналы, 183/2	Единое окно
UZUM1670	Сырдарьинская область, Сырдарьинский район, улица Узбекистан, микрорайон Ёшлик, дом 98а	Единое окно
UZUM1671	г.Ташкент, Янгихаетский район, махалля Ибрат, 71-й дом	Korzinka Сергели-4 станция
UZUM1672	г. Ташкент, Мирабадский район, улица Янги Куйлюк, 2А	Корзинка Файзабад
UZUM1676	г. Ташкент, Сергелийский район, ул. Абдурауфа Фитрата, 159А	Legion Магазин №40
UZUM1678	г. Термез, махаллинский сход граждан Саховат	Nura Store
UZUM1679	г.Термез, А.Ул. Навои, 41 " з " - дом	Единое окно
UZUM1680	Хореземская обл., Ургенчский район, улица Янги Шавот	Единое окно
UZUM1681	Хореземская обл., г. Ургенч, улица Ханка, дом 9/1	Единое окно
UZUM1682	Хореземская обл., город Хива, улица Буюк Йул, 34	Единое окно
UZUM1569	г. Самарканд, массив Карасу, 70Б	Korzinka Мотрид
UZUM1570	г. Самарканд, ул. Амира Темура, 83	Korzinka Самарканд Сити
UZUM1685	г. Карши, проспект Мустакиллик, 50	Пункт выдачи Uzum Market
UZUM1686	г. Карши, улица Шибаева, 7А	Пункт выдачи Uzum Market
UZUM1694	г. Янгиюль, р-н Нурафшан, Навруз РМС, ул. Олимжона.	Korzinka Янгиюль 1
UZUM1673	Ташкент, Юнусабадский район, ул. Абдуллы Кадыри, 39	БЦ Diamond
UZUM1696	Ташкент, Юнусабадский район, ул. Абдуллы Кадыри, 39	БЦ Diamond
UZUM1691	г. Ургенч, махалля Ок-Ариклар	Пункт выдачи Uzum Market
UZUM1690	г. Ургенч, улица Учкун, 1/1	Пункт выдачи Uzum Market
UZUM1689	Ургенч, улица Янги Шовот, 15	Пункт выдачи Uzum Market
UZUM1668	г. Коканд, МСГ (махалля) «Гиштли масжид», улица Турон, дом 10.	Bellissimo Kokand 2 Турон кучаси
UZUM1683	Фергансакая обл., Маргилан, Улица Мустакиллик, 378	Единое окно
UZUM1684	г. Ургенч, улица Абдульгази Бахадырхана, 109	Пункт выдачи Uzum Market
UZUM1687	Навои, МСГ Бунёдкор улица Алишер Навоий, 11G, 	Korzinka Навои 45-Б
UZUM1688	г. Ургенч, улица Ислама Каримова, 122	Пункт выдачи Uzum Market
UZUM1692	г. Навои, Карманинский район, старый город.( 8-й микрорайон, просп. Ислама Каримова, 105)	Korzinka Навои К072
UZUM1693	г. Фергана, населённый пункт Миндонобод, ул. Мустакиллик Шукронаси, 124Д	Korzinka Фергана Миндонобод
UZUM1748	Ташкент, Мирзо-Улугбекский район, переулок Пушкина, д.7	БЦ Galleon
UZUM1749	Ташкент, Яккасарайский район, ул. Кичик Бешагач, 132А	БЦ Uzum Market
UZUM1119	г. Ташкент, ул. Сагбан, 52	Пункт выдачи Uzum Market
UZUM1674	г. Ташкент, Алмазарский район, МСГ «Хафиза Кухакий», улица Сагбан, 40	Korzinka Сагбан, 40
UZUM1675	г. Ташкент, улица Кукча Дарвоза, 544	Пункт выдачи Uzum Market
UZUM1677	Ташкентская область, Бостанлыкский район, городской посёлок Чарвак, улица Ходжикент	Olma-C9
UZUM1695	г. Самарканд, Термезкая улица	Пункт выдачи Uzum Market
UZUM1697	г. Самарканд улица Нодирабегим, 24	Шахзодбек маркет
UZUM1698	г. Самарканд, улица Мирзо Улугбека, 78А	Dilmurod market
UZUM1699	г. Самарканд, улица Рудаки, 187	Автострахование Самарканд
UZUM1700	г.Самарканд, улица Махмуда Ходжи Бехбуди, 2	ТЦ Euro Plaza
UZUM1701	Ташкентская область,Ангрен,Bunyodkor ko'chasi, 2	Bellissimo Angren
UZUM1703	г. Карши,улица Амира Тимура, 118А	Bellissimo Karshi
UZUM1704	г. Ургенч, махалля “Феруз, улица ”Пахлавон Махмуд”, дом 59/1, кв1	Bellissimo Urgench
UZUM1705	Ташкентская область, г. Бекабад, Нурли йул МФИ, ул. Буюк ипак йули, дом 337	Bellissimo Bekabad
UZUM1706	г. Фергана, улица Сайилгох, 58	Bellissimo Fargona 1
UZUM1707	г. Фергана, улица Мустақиллик шох, дом 65б	Bellissimo Fargona 2 (flagman)
UZUM1708	г. Фергана, махаллинский сход граждан Навруз, улица Саккокий, 77	Bellissimo Fargona 3 (yumma)
UZUM1713	г. Ташкент, Чиланзарский район, ул.Чиланзарская, дом 88	Korzinka Dombirobod
UZUM1712	г. Ташкент, Учтепинский район. махаллинский сход граждан Хамдуст	Korzinka Depo
UZUM1716	г. Ташкент, улица Али Кушчи	ПВЗ УЗУМ МАРКЕТ (франшиза)
UZUM1702	г.Нукус,улица Аллаяра Досназарова, 60	Bellissimo Nukus
UZUM1709	Ташкентская область, Бостанлыкский район, н.п. Юсупхана	Charos hotel
UZUM1710	г. Ташкент, Сергелийский район, массив Куйлюк, 7-й квартал, 1Б	Огни Сеул
UZUM1711	г. Ташкент,  Ферганское ш., 222/5	Sohil Market 1
UZUM1714	г. Ташкент, Каракамыш 1/3, улица Сагбан, 35А.	Korzinka Каракамыш 1/3
UZUM1715	Ташкентская область, Бостанлыкский район	Пирамиды
UZUM1717	г. Самарканд, улица А.Тимура, 152	Единое окно
UZUM1718	г.Самарканд,МСГ Хунармандлар,ул.Спитаменшох,д-11	Olma S-23 ( Самарканд )
UZUM1719	г. Самарканд, проспект Навои, 6	Исроил маркет
UZUM1720	г. Термез, улица Ислама Каримова, 140	ПВЗ УЗУМ МАРКЕТ (франшиза)
UZUM1721	г. Термез, улица Истиклол, 3	ПВЗ УЗУМ МАРКЕТ (франшиза)
UZUM1722	г. Термез, улица Ислама Каримова, 172	ПВЗ УЗУМ МАРКЕТ (франшиза)
UZUM1723	г. Нукус, улица Халыклар Бирлиги, 12A	ПВЗ УЗУМ МАРКЕТ (франшиза)
UZUM1724	г. Нукус, автомагистраль Нукус - Чимбай, 25A	ПВЗ УЗУМ МАРКЕТ (франшиза)
UZUM1725	г. Нукус, улица К. Мамбетова, 56V	ПВЗ УЗУМ МАРКЕТ (франшиза)
UZUM1726	г. Карши, улица Мазхаб, 1/147	ПВЗ УЗУМ МАРКЕТ (франшиза)
UZUM1727	Бухара, махаллинский сход граждан Жалол Икромий, ул. Бахоуддина Накшбанда, 100	Гостиница ASL
UZUM1728	г. Наманган, махаллинский сход граждан Истикбол, улица Узумзор, 81	Nam global farm
UZUM1729	город Фергана, село Ёшлар, улица Мурабилар, дом 2	Единое окно
UZUM1730	г. Ургенч, улица Абдульгази Бахадырхана, 152V	Uzum Market франшиза
UZUM1731	г. Хива, Kelajak Sari koʻchasi, 41А	VOHA
UZUM1732	г. Ташкент, Янгихаётский р-н,МСГ Чорбог квартал Спутник-1,д, 33 b	Olma М-196  ( Ташкент )
UZUM1733	г. Ташкент, Мирабадский р-н,Толарик, Куйлюк-4,д 32-а	Olma М-200  ( Ташкент )
UZUM1734	г. Ташкент, Учтепинский р-н, Чаманзор МСГ, ул.Учтепа	Olma М-126  ( Ташкент )
UZUM1735	г. Ташкент, Шайхонтохурский район, улица Ислама Каримова	Станция метро Дружба Народов
UZUM1736	г. Ташкент, Юнусабадский район, махаллинский сход граждан Кашгар	Станция метро Площадь Мустакиллик
UZUM1737	г. Ташкент, Мирабадский район, улица Афросиаб д.41	Станция метро Айбека
UZUM1738	г. Ташкент, Юнусабадский район, проспект Амира Темура	Станция метро Абдуллы Кадыри
UZUM1739	г. Ташкент, Яшнабадский район, улица Эльбека жд салар	Станция метро Дустлик 2
UZUM1740	г. Ташкент, Шайхонтохурский район, махаллинский сход граждан Урда	Станция метро Пахтакор
UZUM1741	г. Ташкент, Шайхонтохурский район, улица Батыра Закирова	Станция метро Алишера Навои
UZUM1742	г. Андижан, просп. Бабура, 8	Makro m016
UZUM1743	г. Андижан, ул. Амир Умархан, 24	Makro m020
UZUM1744	г. Коканд, ул. Истиклол, 4	Makro m024
UZUM1745	г. Бухара, махаллинский сход граждан Дилкушо	Korzinka K221
UZUM1746	г. Ташкент, Юнусабадский район, проспект Амира Темура	Станция метро Абдуллы Кадыри
UZUM1747	г. Ташкент, Сергелийский район, ул. Янги Сергели, 100	Global International Hospital
